日期,收盘价,信号,策略日收益,策略累计净值,市场累计净值
2025-01-03,241.81503295898438,0,-0.0,1.0,0.9979904908844737
2025-01-06,243.44461059570312,0,0.0,1.0,1.0047158915582983
2025-01-07,240.67234802246094,0,-0.0,1.0,0.9932745363519001
2025-01-08,241.15921020507812,0,0.0,1.0,0.9952838565446013
2025-01-10,235.34637451171875,0,-0.0,1.0,0.9712938064800526
2025-01-13,232.91192626953125,0,-0.0,1.0,0.961246638748071
2025-01-14,231.79904174804688,0,-0.0,1.0,0.9566536729745896
2025-01-15,236.35986328125,0,0.0,1.0,0.9754765578261277
2025-01-16,226.81088256835938,0,-0.0,1.0,0.936067130577159
2025-01-17,228.51995849609375,0,0.0,1.0,0.9431206272237788
2025-01-21,221.2265625,0,-0.0,1.0,0.91302018325514
2025-01-22,222.4090118408203,0,0.0,1.0,0.9179002487483859
2025-01-23,222.2401123046875,0,-0.0,1.0,0.9172031864983151
2025-01-24,221.3656768798828,0,-0.0,1.0,0.913594319720394
2025-01-27,228.40074157714844,0,0.0,1.0,0.9426286092131361
2025-01-28,236.74740600585938,0,0.0,1.0,0.9770759784627975
2025-01-29,237.84042358398438,0,0.0,1.0,0.9815869517302178
2025-01-30,236.08164978027344,0,-0.0,1.0,0.9743283478698948
2025-01-31,234.50177001953125,1,-0.0,1.0,0.9678080544097732
2025-02-03,226.56246948242188,1,-0.03385603672180437,0.9661439632781956,0.935041909380018
2025-02-04,231.3220672607422,1,0.021007882678863554,0.9864406023096363,0.9546851601120939
2025-02-05,230.9941864013672,1,-0.0014174214473252622,0.9850424002434102,0.9533319688907079
2025-02-06,231.73941040039062,1,0.003226159110898852,0.9882203037575771,0.9564075695078558
2025-02-07,226.1848907470703,0,-0.023968817577137314,0.9645338315707885,0.9334836109449287
2025-02-10,226.45346069335938,0,0.0,0.9645338315707885,0.9345920211593561
2025-02-11,231.3973388671875,0,0.0,0.9645338315707885,0.9549958122107115
2025-02-12,235.62501525878906,1,0.0,0.9645338315707885,0.9724437797159855
2025-02-13,240.26051330566406,1,0.01967319998593431,0.9835092985324801,0.9915748606694159
2025-02-14,243.3143768310547,1,0.012710634316781988,0.9960103255732813,1.004178406121099
2025-02-18,243.18507385253906,1,-0.0005314235032046755,0.9954810222768371,1.0036447621146756
2025-02-19,243.58294677734375,1,0.0016360910581458832,0.9971097198759381,1.0052868163355264
2025-02-20,244.5379180908203,1,0.003920517943111657,1.0010189064239627,1.0092280613369435
2025-02-21,244.2593994140625,1,-0.00113895905768846,0.9998787868735738,1.0080785918952104
2025-02-24,245.80123901367188,1,0.0063123040640729045,1.006190325803536,1.0144418904877355
2025-02-25,245.74156188964844,1,-0.00024278609930084016,1.00594603677918,1.0141955980981765
2025-02-26,239.09666442871094,1,-0.027040185672464467,0.9787450691681912,0.9867715608174057
2025-02-27,236.0527801513672,1,-0.012730768472311027,0.9662848922991949,0.9742092005415783
2025-02-28,240.56887817382812,1,0.01913172985958922,0.9847715938260654,0.9928475077930662
2025-03-03,236.77890014648438,1,-0.015754232451486216,0.969257273225309,0.9772059573664155
2025-03-04,234.68994140625,0,-0.008822402413990571,0.960706095518228,0.9685846531691801
2025-03-05,234.50096130371094,0,-0.0,0.960706095518228,0.9678047167731978
2025-03-06,234.09310913085938,0,-0.0,0.960706095518228,0.9661214773764913
2025-03-07,237.81344604492188,0,0.0,0.960706095518228,0.9814756132120025
2025-03-10,226.28436279296875,0,-0.0,0.960706095518228,0.9338941402437101
2025-03-11,219.6792755126953,0,-0.0,0.960706095518228,0.9066344028464369
2025-03-12,215.8395538330078,0,-0.0,0.960706095518228,0.890787556283258
2025-03-13,208.5779266357422,0,-0.0,0.960706095518228,0.8608182247551872
2025-03-14,212.36790466308594,0,0.0,0.960706095518228,0.8764597751818378
2025-03-17,212.87522888183594,0,0.0,0.960706095518228,0.8785535438773256
2025-03-18,211.5720977783203,0,-0.0,0.960706095518228,0.8731754148430362
2025-03-19,214.10870361328125,0,0.0,0.960706095518228,0.8836441953462008
2025-03-20,212.9746856689453,0,-0.0,0.960706095518228,0.8789640102018322
2025-03-21,217.1227569580078,0,0.0,0.960706095518228,0.8960834409143861
2025-03-24,219.56983947753906,0,0.0,0.960706095518228,0.9061827513460747
2025-03-25,222.573974609375,0,0.0,0.960706095518228,0.9185810636355045
2025-03-26,220.36563110351562,0,-0.0,0.960706095518228,0.9094670487106014
2025-03-27,222.67344665527344,0,0.0,0.960706095518228,0.918991592934286
2025-03-28,216.75473022460938,0,-0.0,0.960706095518228,0.8945645643754523
2025-03-31,220.96249389648438,0,0.0,0.960706095518228,0.9119303504518401
2025-04-01,222.0169219970703,1,0.0,0.960706095518228,0.9162820617777635
2025-04-02,222.71324157714844,1,0.0031363356171891787,0.9637191922632526,0.9191558298435086
2025-04-03,202.12203979492188,0,-0.09245611817424748,0.874617456736571,0.8341742498189487
2025-04-04,187.389892578125,0,-0.0,0.874617456736571,0.7733734689379386
2025-04-07,180.50625610351562,0,-0.0,0.874617456736571,0.7449641361503823
2025-04-08,171.51377868652344,0,-0.0,0.874617456736571,0.7078514436852543
2025-04-09,197.80484008789062,0,0.0,0.874617456736571,0.8163568122421988
2025-04-10,189.41915893554688,0,-0.0,0.874617456736571,0.7817484177713402
2025-04-11,197.1085205078125,0,0.0,0.874617456736571,0.8134830441764536
2025-04-14,201.45555114746094,0,0.0,0.874617456736571,0.8314235964608453
2025-04-15,201.07754516601562,0,-0.0,0.874617456736571,0.8298635347460558
2025-04-16,193.24891662597656,0,-0.0,0.874617456736571,0.7975541421329383
2025-04-17,195.94467163085938,0,0.0,0.874617456736571,0.8086797443244431
2025-04-21,192.14476013183594,0,-0.0,0.874617456736571,0.7929971976447618
2025-04-22,198.690185546875,0,0.0,0.874617456736571,0.8200107056267512
2025-04-23,203.52464294433594,0,0.0,0.874617456736571,0.8399629081520196
2025-04-24,207.27481079101562,0,0.0,0.874617456736571,0.8554401586951726
2025-04-25,208.18002319335938,1,0.0,0.874617456736571,0.8591760445857863
2025-04-28,209.03550720214844,1,0.004109347264288132,0.8782115635897101,0.8627066973141468
2025-04-29,210.0998992919922,1,0.005091920047891385,0.8826833466566426,0.8670995308416509
2025-04-30,211.38311767578125,1,0.006107658252637593,0.8880744748833158,0.8723954784470541
2025-05-01,212.19879150390625,1,0.003858746323233131,0.891501328998029,0.8757618312919169
2025-05-02,204.27069091796875,1,-0.03736166699984034,0.8581933532140895,0.8430419093800179
2025-05-05,197.8446502685547,1,-0.031458456524213974,0.8311959149226347,0.8165211121256962
2025-05-06,197.4666290283203,1,-0.001910697305796516,0.8296077511274029,0.8149609874366317
2025-05-07,195.21852111816406,1,-0.011384748507727971,0.8201628755207556,0.805682861551056
2025-05-08,196.45199584960938,0,0.006318430876231851,0.8253450179569851,0.810773513019931
2025-05-09,197.48654174804688,0,0.0,0.8253450179569851,0.8150431688655181
2025-05-12,209.95703125,0,0.0,0.8253450179569851,0.8665099027047447
2025-05-13,212.0885772705078,0,0.0,0.8253450179569851,0.8753069681035294
2025-05-14,211.490966796875,1,-0.0,0.8253450179569851,0.8728405806228152
2025-05-15,210.61444091796875,1,-0.0041445074093784395,0.8219243694147688,0.8692230863692177
2025-05-16,210.42520141601562,1,-0.0008985115224213747,0.8211858608982907,0.8684420794105603
2025-05-19,207.9550018310547,1,-0.011739086232724016,0.811545889264112,0.8582473629522336
2025-05-20,206.04258728027344,1,-0.009196290225973569,0.8040826777347434,0.8503546711168484
2025-05-21,201.2914276123047,1,-0.02305911477177236,0.7855412429828639,0.8307462451588522
2025-05-22,200.56431579589844,0,-0.003612234385890978,0.7827036838934256,0.8277453950061395
2025-05-23,194.4983673095703,0,-0.0,0.7827036838934256,0.8027107276677473
2025-05-27,199.41885375976562,0,0.0,0.7827036838934256,0.8230179791555147
2025-05-28,199.62803649902344,0,0.0,0.7827036838934256,0.8238812934916083
2025-05-29,199.15988159179688,0,-0.0,0.7827036838934256,0.8219491797600676
2025-05-30,200.05633544921875,0,0.0,0.7827036838934256,0.8256489184168263
2025-06-02,200.90298461914062,0,0.0,0.7827036838934256,0.8291431090399567
2025-06-03,202.46676635742188,0,0.0,0.7827036838934256,0.835596964639944
2025-06-04,202.01856994628906,0,-0.0,0.7827036838934256,0.8337472212601147
2025-06-05,199.8372039794922,0,-0.0,0.7827036838934256,0.8247445448534269
2025-06-06,203.11419677734375,0,0.0,0.7827036838934256,0.8382689631285615
2025-06-09,200.65394592285156,0,-0.0,0.7827036838934256,0.8281153058975403
2025-06-10,201.869140625,0,0.0,0.7827036838934256,0.833130514184955
2025-06-11,197.99452209472656,0,-0.0,0.7827036838934256,0.8171396454548312
2025-06-12,198.412841796875,0,0.0,0.7827036838934256,0.8188660852041936
2025-06-13,195.67372131347656,0,-0.0,0.7827036838934256,0.8075615101231143
2025-06-16,197.63592529296875,0,0.0,0.7827036838934256,0.8156596870178527
2025-06-17,194.86692810058594,0,-0.0,0.7827036838934256,0.8042318083063064
2025-06-18,195.80320739746094,0,0.0,0.7827036838934256,0.8080959098208378
2025-06-20,200.20574951171875,0,0.0,0.7827036838934256,0.8262655625177111
2025-06-23,200.70376586914062,0,0.0,0.7827036838934256,0.8283209169054438
2025-06-24,199.50851440429688,0,-0.0,0.7827036838934256,0.8233880159954655
2025-06-25,200.76351928710938,0,0.0,0.7827036838934256,0.8285675241663777
2025-06-26,200.20574951171875,1,-0.0,0.7827036838934256,0.8262655625177112
2025-06-27,200.28543090820312,1,0.0003979975434207361,0.7830151980368415,0.8265944141818065
2025-06-30,204.3592529296875,1,0.02034008166750545,0.7989417911118089,0.8434074120721682
2025-07-01,206.99879455566406,1,0.01291618357444646,0.809261069951106,0.8543010170345411
2025-07-02,211.6005401611328,1,0.02223078455769123,0.8272515784481158,0.8732927988916525
2025-07-03,212.70616149902344,1,0.005225040243511225,0.8315740012370154,0.8778557889102299
2025-07-07,209.12039184570312,1,-0.01685785511830029,0.8175554472040165,0.86305702320602
2025-07-08,209.1801300048828,1,0.0002856639596571231,0.8177889933303041,0.8633035674926789
2025-07-09,210.3056640625,1,0.005380692982602575,0.8221892648279661,0.8679487389401426
2025-07-10,211.57066345214844,1,0.00601505145040937,0.8271347755578805,0.8731694952611855
2025-07-11,210.3256072998047,1,-0.005884824162426194,0.8222672328450945,0.868031046317579
2025-07-14,207.79562377929688,1,-0.012028889648712626,0.8123762710394485,0.8575895966497683
2025-07-15,208.28370666503906,1,0.002348860273691855,0.8142844293897831,0.8596039547844704
2025-07-16,209.3295440673828,1,0.005021215625020892,0.8183731270898462,0.8639202115935639
2025-07-17,209.19009399414062,1,-0.0006661748290881508,0.8178279475117768,0.8633446896942598
2025-07-18,210.3455047607422,1,0.005523257552692451,0.8223450218996742,0.8681131647721906
2025-07-21,211.64036560058594,1,0.006155875978032466,0.827407275865641,0.8734571617494254
2025-07-22,213.5527801513672,1,0.00903615217897702,0.8348838539243557,0.8813498535848105
2025-07-23,213.3037872314453,1,-0.001165954944465697,0.833910416966818,0.8803222393652193
2025-07-24,212.91531372070312,1,-0.0018212218160039706,0.8323916811228451,0.8787189772977738
2025-07-25,213.03485107421875,1,0.0005614314509685414,0.8328590119921521,0.8792123177681918
2025-07-28,213.2041778564453,1,0.0007948313685424147,0.8335209944604567,0.8799111432979628
2025-07-29,210.43516540527344,1,-0.012987608774891357,0.8226955498787459,0.8684832016121415
2025-07-30,208.2239227294922,1,-0.010507952278425825,0.8140507043009467,0.8593572215749867
2025-07-31,206.74978637695312,0,-0.007079572477626139,0.8082875733393856,0.8532733398406752
2025-08-01,201.58030700683594,0,-0.0,0.8082875733393856,0.8319384741333167
2025-08-04,202.54644775390625,0,0.0,0.8082875733393856,0.8359258163040401
2025-08-05,202.11814880371094,0,-0.0,0.8082875733393856,0.834158191378822
2025-08-06,212.4073486328125,0,0.0,0.8082875733393856,0.8766225636827358
2025-08-07,219.16053771972656,0,0.0,0.8082875733393856,0.9044935293932431
2025-08-08,228.44374084472656,1,0.0,0.8082875733393856,0.9428060707201111
2025-08-11,226.53909301757812,1,-0.008337491848564249,0.8015484822853727,0.9349454327907053
2025-08-12,229.0021209716797,1,0.010872419065924621,0.8102632532864351,0.9451105513397781
2025-08-13,232.6717529296875,1,0.01602444528652036,0.8232472724564016,0.9602554236594354
2025-08-14,232.12330627441406,1,-0.0023571690519698096,0.8213067394636488,0.9579919392927992
2025-08-15,230.93667602539062,1,-0.005112068529734892,0.8171081631275775,0.9530946188482008
2025-08-18,230.23863220214844,1,-0.0030226633346253085,0.8146383202424687,0.9502137346893796
2025-08-19,229.90957641601562,1,-0.0014291944969683223,0.8134740436381587,0.9488556944488179
2025-08-20,225.3723907470703,1,-0.019734652812962383,0.797420415814603,0.9301303567492681
2025-08-21,224.26551818847656,1,-0.004911305040181113,0.7935040409072694,0.92556220284014
2025-08-22,227.11746215820312,1,0.01271681885277487,0.803594888054432,0.9373324097106334
2025-08-25,226.5191650390625,1,-0.0026343069945183872,0.801477972420071,0.9348631883875439
2025-08-26,228.6630859375,1,0.00946463359101557,0.809063667760297,0.9437113259233606
2025-08-27,229.8397674560547,1,0.005145918125483151,0.8132270431528946,0.9485675871406534
2025-08-28,231.90391540527344,1,0.00898081290311703,0.8205304830752058,0.9570864951667247
2025-08-29,231.485107421875,1,-0.001805954775134011,0.8190486421311531,0.9553580402405621
2025-09-02,229.07192993164062,1,-0.010424763463666054,0.810510253771699,0.9453986586479427
2025-09-03,237.7972412109375,1,0.038089831791702666,0.8413824530033133,0.9814087345319442
2025-09-04,239.10354614257812,1,0.005493356125531701,0.8460044664554339,0.9867999622154355
2025-09-05,239.01380920410156,1,-0.00037530576155930806,0.8456869561048683,0.9864296105041096
2025-09-08,237.20892333984375,1,-0.007551387387481734,0.8393008462907802,0.9789806983847104
2025-09-09,233.6888885498047,1,-0.01483938605882873,0.8268461370131696,0.9644532258572379
2025-09-10,226.1501922607422,1,-0.03225954103271722,0.8001724601284494,0.9333404074435598
2025-09-11,229.3810577392578,1,0.014286370691166894,0.8116040205107075,0.9466744544853433
2025-09-12,233.40966796875,1,0.01756295951024689,0.8258581890612906,0.9633008595988544
2025-09-15,236.03224182128906,1,0.011235926409398633,0.8351374708981825,0.9741244371674176
2025-09-16,237.4781494140625,1,0.006125890181851501,0.840253431331654,0.9800918164929631
2025-09-17,238.3157958984375,1,0.003527257082143187,0.8432172211981137,0.9835488522938385
2025-09-18,237.20892333984375,1,-0.004644562289381149,0.8393008462907802,0.9789806983847104
2025-09-19,244.80740356445312,1,0.032032859968438965,0.866186052771405,1.0103402500078724
2025-09-22,255.35755920410156,1,0.043095737653501054,0.9035149796607631,1.0538816083629843
2025-09-23,253.7122344970703,1,-0.006443219116596399,0.8976934346716817,1.0470912182373506
2025-09-24,251.59820556640625,1,-0.008332388601025364,0.8902135041294081,1.038366447306276
2025-09-25,256.1453552246094,1,0.018073060767529903,0.9063023868856147,1.0571329072074065
2025-09-26,254.73931884765625,1,-0.005489212856193304,0.9013275001719235,1.0513300796624585
2025-09-29,253.7122344970703,1,-0.0040319034973952395,0.8976934346716818,1.0470912182373506
2025-09-30,253.9116668701172,1,0.0007860573749713939,0.898399073216469,1.047914292011714
2025-10-01,254.72933959960938,1,0.0032203038937570483,0.9012921912500956,1.051288894486603
2025-10-02,256.40460205078125,1,0.006576637201686664,0.9072196630046607,1.0582028401398036
2025-10-03,257.2920837402344,1,0.0034612549164674267,0.9103597815235516,1.0618655499228573
2025-10-06,255.96585083007812,1,-0.005154581092728927,0.9056672582061295,1.0563920778362048
2025-10-07,255.7564697265625,1,-0.0008180040534181421,0.9049264187178687,1.055527944834536
2025-10-08,257.33197021484375,1,0.006160158880694766,0.9105009092325089,1.06203016467773
2025-10-09,253.32330322265625,1,-0.015577803989301087,0.8963173045364045,1.045486066941655
2025-10-10,244.57806396484375,1,-0.03452204809648307,0.8653745954394887,1.0093937466544922
2025-10-13,246.96131896972656,1,0.00974435305541288,0.8738071110226362,1.0192296356938195
2025-10-14,247.07101440429688,0,0.0004441806313149055,0.8741952392168577,1.0196823577568568
2025-10-15,248.63658142089844,0,0.0,0.8741952392168577,1.02614358134702
2025-10-16,246.75192260742188,0,-0.0,0.8741952392168577,1.0183654397178756
2025-10-17,251.57826232910156,0,0.0,0.8741952392168577,1.0382841399288396
2025-10-20,261.5001525878906,0,0.0,0.8741952392168577,1.079232595484745
2025-10-21,262.0286865234375,1,0.0,0.8741952392168577,1.081413898422495
2025-10-22,257.72088623046875,1,-0.01644018580608131,0.8598233070533409,1.0636352529991504
2025-10-23,258.84771728515625,1,0.004372292332100125,0.8635827059057312,1.06828577725999
2025-10-24,262.07855224609375,1,0.012481604994716955,0.8743616041211153,1.0816196983532234
2025-10-27,268.0516357421875,1,0.022791195406501652,0.8942893502965819,1.106271104253913
2025-10-28,268.2410888671875,1,0.0007067784700340862,0.8949214147553523,1.1070529928524206
2025-10-29,268.93914794921875,1,0.0026023570250897077,0.897250319785944,1.1099339399855168
2025-10-30,270.63433837890625,1,0.006303249053230431,0.9029059120146455,1.1169301300418788
2025-10-31,269.60723876953125,1,-0.0037951562818203666,0.8994792429707704,1.112691205642496
2025-11-03,268.2909851074219,1,-0.004882115436205092,0.8950878814741168,1.1072589187316992
2025-11-04,269.2781982421875,1,0.0036796358788213634,0.8983814789574871,1.1113332283762094
2025-11-05,269.3778991699219,1,0.00037025250608935245,0.8987141069514953,1.111744702289116
2025-11-06,269.0089416503906,1,-0.0013696651457605347,0.8974831695632006,1.1102219843194068
2025-11-07,267.7126159667969,1,-0.004818894404181151,0.8931582929395457,1.1048719418117712
2025-11-10,268.9303283691406,1,0.004548580566314353,0.8972208953934531,1.1098975408545622
2025-11-11,274.73956298828125,1,0.021601262506795837,0.9166019994814295,1.1338727289902086
2025-11-12,272.962890625,1,-0.006466751071293797,0.910674562519333,1.1265402563053004
2025-11-13,272.4438171386719,1,-0.001901626573266424,0.9089427995716485,1.1243979974180558
2025-11-14,271.90484619140625,1,-0.001978282909578022,0.9071446535654719,1.1221736200761998
2025-11-17,266.9639892578125,1,-0.01817127205638569,0.8906606812710379,1.101782297931296
2025-11-18,266.94403076171875,1,-7.47610048428271e-05,0.8905940945835321,1.1016999275795845
2025-11-19,268.0619812011719,1,0.004187958188325291,0.8943238654144173,1.1063138008123687
2025-11-20,265.7562561035156,0,-0.008601462569680418,0.8866313721608833,1.0967978840643602
2025-11-21,270.98651123046875,0,0.0,0.8866313721608833,1.1183835763090781
2025-11-24,275.4083557128906,0,0.0,0.8866313721608833,1.1366328914638373
2025-11-25,276.45635986328125,1,0.0,0.8866313721608833,1.140958090619982
2025-11-26,277.0353088378906,1,0.002094178534708613,0.8884881365486619,1.1433474605623606
2025-11-28,278.3328857421875,1,0.0046837961187689015,0.8926496338342007,1.148702666960547
2025-12-01,282.57501220703125,1,0.01524119743713337,0.9062546831456526,1.1662102711042543
2025-12-02,285.6592712402344,1,0.010914832876105063,0.9161463015553749,1.1789392613117544
2025-12-03,283.623046875,1,-0.007128157809805358,0.9096158661410186,1.170535596208949
2025-12-04,280.179443359375,1,-0.012141479874668626,0.8985717834085882,1.1563235618249947
2025-12-05,278.26300048828125,1,-0.006840055245008081,0.8924255027684681,1.1484142447810073
2025-12-08,277.3746643066406,1,-0.003192433705098474,0.8895764935141406,1.1447480084385533
2025-12-09,276.6659851074219,1,-0.0025549528865235205,0.8873036674842532,1.1418232312100511
2025-12-10,278.26300048828125,1,0.005772358970110858,0.8924255027684681,1.1484142447810075
2025-12-11,277.514404296875,1,-0.002690246960942222,0.8900246577717779,1.1453247268490827
2025-12-12,277.763916015625,1,0.0008990946591842519,0.8908248741881227,1.1463544821940244
2025-12-15,273.6016540527344,1,-0.014984890847580368,0.8774759606841042,1.1291764854057125
2025-12-16,274.1007385253906,1,0.0018241281266524467,0.8790765892644494,1.1312362479926956
2025-12-17,271.33587646484375,0,-0.010087028861802017,0.8702093183368045,1.1198254353096766
2025-12-18,271.68524169921875,0,0.0,0.8702093183368045,1.1212672943102748
2025-12-19,273.1625061035156,0,0.0,0.8702093183368045,1.1273640857709633
2025-12-22,270.4674987792969,0,-0.0,0.8702093183368045,1.1162415693189338
2025-12-23,271.85491943359375,0,0.0,0.8702093183368045,1.1219675682483712
2025-12-24,273.3022155761719,0,0.0,0.8702093183368045,1.1279406782329424
2025-12-26,272.89300537109375,0,-0.0,0.8702093183368045,1.1262518341257604
2025-12-29,273.2523498535156,0,0.0,0.8702093183368045,1.1277348783022143
2025-12-30,272.57354736328125,0,-0.0,0.8702093183368045,1.124933404704179
